1035669,princeton_aco001233
1601643,princeton_aco001180
753784,princeton_aco001078
2787134,princeton_aco001183:'vol.1'
1245991,princeton_aco001086
2834893,princeton_aco001081
316765,princeton_aco001249
798333,princeton_aco001058
478822,princeton_aco001101
1739096,princeton_aco001224
400428,princeton_aco001267
907642,princeton_aco001198
480808,princeton_aco001195
544674,princeton_aco001275
2850966,princeton_aco001371
1295998,princeton_aco001223
3204739,princeton_aco001156:'vol.1'|princeton_aco001157:'vol.2'
238429,princeton_aco001185:'juz 1'|princeton_aco001186:'juz 2'|princeton_aco001187:'juz 3'|princeton_aco001188:'juz 4'|princeton_aco001189:'juz 5'|princeton_aco001190:'juz 6'
406176,princeton_aco001370
2786671,princeton_aco001001:'vol.1'|princeton_aco001003:'vol.2'
157458,princeton_aco001363
974237,princeton_aco001273
1564403,princeton_aco001326
2834606,princeton_aco001042:'v.1'|princeton_aco001043:'v.2'|princeton_aco001044:'v.3'|princeton_aco001045:'v.4'|princeton_aco001046:'v.5'|princeton_aco001047:'v.6'|princeton_aco001048:'v.7'|princeton_aco001049:'v.8'
703446,princeton_aco001191:'juz' 6'|princeton_aco001192:'juz' 7'|princeton_aco001193:'juz' 10'
398997,princeton_aco001276
1296066,princeton_aco001358
582260,princeton_aco001248
822491,princeton_aco001174
277026,princeton_aco001073:'mujallad 1'|princeton_aco001082:'mujallad. 2'
757349,princeton_aco001051:'juz 1'
981840,princeton_aco001231
795068,princeton_aco001171
765545,princeton_aco001360
501121,princeton_aco001240
1196190,princeton_aco001386
1686904,princeton_aco001236
439024,princeton_aco001080
430442,princeton_aco001237
2760111,princeton_aco001172
419012,princeton_aco001279:'juz 1'|princeton_aco001280:'juz 2'|princeton_aco001281:'juz 3'|princeton_aco001282:'juz 4'|princeton_aco001283:'juz 6'|princeton_aco001284:'juz 7'|princeton_aco001285:'juz 8'|princeton_aco001321
613360,princeton_aco001265:'mujallad 2'|princeton_aco001266:'mujallad 3'|princeton_aco001264
2834300,princeton_aco001352
2754917,princeton_aco001387:'vol.2'
2786582,princeton_aco001239:'vol.2'
1391567,princeton_aco001052|princeton_aco001053
676178,princeton_aco001390:'juz 1'|princeton_aco001388:'juz 2'
1020691,princeton_aco001010
1435206,princeton_aco001271
1568927,princeton_aco001200
259798,princeton_aco001204:'pt.3'|princeton_aco001203:'pt.4'|princeton_aco001202:'pt.5'|princeton_aco001208:'pt.6'|princeton_aco001207:'pt.7'|princeton_aco001206:'pt.8'|princeton_aco001205:'pt.9'|princeton_aco001257:'pt.10'|princeton_aco001211:'pt.14'|princeton_aco001210:'pt.15'|princeton_aco001209:'pt.16'|princeton_aco001217:'pt.18'|princeton_aco001216:'pt.19'|princeton_aco001215:'pt.21'|princeton_aco001214:'pt.22'|princeton_aco001213:'pt.23'|princeton_aco001212:'pt.24'|princeton_aco001222:'pt.25'|princeton_aco001221:'pt.26'|princeton_aco001220:'pt.27'|princeton_aco001219:'pt.28'|princeton_aco001218:'pt.29'
934832,princeton_aco001095
1150185,princeton_aco001100
2767746,princeton_aco001059:'vol.1'
248107,princeton_aco001153:'v6'|princeton_aco001154:'majmah 7'|princeton_aco001125:'v.9'|princeton_aco001155:'v.11'|princeton_aco001123|princeton_aco001124|princeton_aco001362
3339485,princeton_aco001261:'v.1'|princeton_aco001262:'v.2'|princeton_aco001263:'v.3'
2841352,princeton_aco001227
444496,princeton_aco001011
292398,princeton_aco001226
794859,princeton_aco000959:'juz 1'|princeton_aco000960:'juz 2'|princeton_aco000961:'juz 3'|princeton_aco000962:'juz 4'|princeton_aco000963:'juz 5'|princeton_aco000964:'juz 6'|princeton_aco000965:'juz 7'|princeton_aco000966:'juz 8'|princeton_aco000967:'juz 9'|princeton_aco000968:'juz 10'|princeton_aco000969:'juz 10'|princeton_aco000970:'juz 12'|princeton_aco000971:'juz 13'|princeton_aco000972:'juz 14'|princeton_aco000973:'juz 15'|princeton_aco000974:'juz 16'|princeton_aco000975:'juz 17'|princeton_aco000976:'juz 17'|princeton_aco001057:'juz 19'|princeton_aco000977:'juz 20'|princeton_aco000978:'juz 21'|princeton_aco000979:'juz 22'|princeton_aco000980:'juz 23'|princeton_aco000981:'juz 24'
399742,princeton_aco001329
614812,princeton_aco001130:'juz 1'|princeton_aco001131:'juz 2'
751044,princeton_aco001234
2770416,princeton_aco001105:'vol.1'|princeton_aco001106:'vol.2'
1473089,princeton_aco001006
1603159,princeton_aco001083
2786834,princeton_aco001147
321664,princeton_aco001288:'juz' 1'|princeton_aco001289:'juz' 2'|princeton_aco001290:'juz' 3'|princeton_aco001291:'juz' 4'|princeton_aco001292:'juz' 5'|princeton_aco001293:'juz' 6'|princeton_aco001294:'juz' 7'|princeton_aco001295:'juz' 8'|princeton_aco001296:'juz' 9'|princeton_aco001297:'juz' 10'|princeton_aco001298:'juz' 11'|princeton_aco001299:'juz' 12'|princeton_aco001300:'juz' 13'|princeton_aco001301:'juz' 14'|princeton_aco001302:'juz' 15'|princeton_aco001303:'juz' 16'|princeton_aco001304:'juz' 17'|princeton_aco001305:'juz' 18'|princeton_aco001306:'juz' 19'|princeton_aco001307:'juz' 20'|princeton_aco001308:'juz' 21'|princeton_aco001309:'juz' 22'|princeton_aco001310:'juz' 23'|princeton_aco001311:'juz' 24'|princeton_aco001312:'juz' 25'|princeton_aco001313:'juz' 26'|princeton_aco001286:'Muqaddimah qism 1. Add as: juz'.'|princeton_aco001287:'Muqaddimah qism 2'
618399,princeton_aco001378:'juz 1'|princeton_aco001377:'juz 2'|princeton_aco001376:'juz 3'
248319,princeton_aco001170
1296415,princeton_aco001065
420097,princeton_aco001169
479575,princeton_aco001384
441064,princeton_aco001093
461976,princeton_aco001196
478832,princeton_aco001331
478848,princeton_aco001062
2760966,princeton_aco001166:'vol.1'
815934,princeton_aco001110:'mujallad 3'|princeton_aco001111:'mujallad 4'|princeton_aco001112:'mujallad 5'|princeton_aco001113:'mujallad 6'|princeton_aco001114:'mujallad 7'
474230,princeton_aco001242:'juz'1, qism 1'|princeton_aco001243:'juz'1, qism 2'|princeton_aco001244:'juz'1, qism 3'|princeton_aco001245:'juz'1, qism 4'|princeton_aco001246:'juz'2, qism 1'|princeton_aco001247:'juz'2, qism 2'
1035665,princeton_aco001091
478862,princeton_aco001330
614743,princeton_aco001137:'juz 4'|princeton_aco001138:'juz 5 pt. 1'|princeton_aco001139:'juz 6'|princeton_aco001140:'juz 7'|princeton_aco001141:'juz 8'
1601644,princeton_aco001392:'c. 2'
2746887,princeton_aco001134:'vol.1'
3956659,princeton_aco001161
1697221,princeton_aco001184
2834310,princeton_aco001149:'v.1-2'
438259,princeton_aco001104:'mujallad 1'|princeton_aco001103:'mujallad 2'
2834949,princeton_aco001142:'vol.1'|princeton_aco001143:'vol.2'|princeton_aco001144:'vol.3'|princeton_aco001145:'vol.4'
614817,princeton_aco001012:'juz 1'|princeton_aco001013:'juz 2'|princeton_aco001014:'juz 3'
479303,princeton_aco001228
2787616,princeton_aco001381
388749,princeton_aco001004
438542,princeton_aco001099
1660832,princeton_aco001225
1309485,princeton_aco001069
1513671,princeton_aco001394
4227389,princeton_aco001151
479816,princeton_aco001396
2826438,princeton_aco001259
6489243,princeton_aco001230:'juz 1'|princeton_aco001201:'juz 2'
614775,princeton_aco001133:'juz 5'
460903,princeton_aco001333|princeton_aco001334|princeton_aco001335
546873,princeton_aco001278
1618452,princeton_aco001002
807489,princeton_aco001357
2751048,princeton_aco001097
366755,princeton_aco001005
111175,princeton_aco001359
1538764,princeton_aco001109
3982363,princeton_aco000785:'pt.3'|princeton_aco001050:'pt.4'
1572889,princeton_aco001064
2786001,princeton_aco001177:'v.1-2'|princeton_aco001178:'v.3-5'
479511,princeton_aco001268:'v.1-2'
800689,princeton_aco001176
4091724,princeton_aco001126:'vol.1'
4252634,princeton_aco001199
2767238,princeton_aco001061
440804,princeton_aco001076
666428,princeton_aco001375:'Missing'|princeton_aco001374
122755,princeton_aco001007
283378,princeton_aco001107:'vol.3'|princeton_aco001108:'vol.4'
2828843,princeton_aco001168
501867,princeton_aco001165:'v.1'|princeton_aco001164:'v.2'|princeton_aco001115:'v.8'|princeton_aco001116:'v.9'|princeton_aco001117:'V.10'|princeton_aco001118:'V.11'
2753964,princeton_aco001088
3206916,princeton_aco001119:'vol.1'|princeton_aco001120:'vol.2'|princeton_aco001121:'vol.3, pt.1'|princeton_aco001122:'vol.3, pt.2'
666339,princeton_aco001368
901146,princeton_aco001252:'mujallad 1'|princeton_aco001254:'mujallad 2'|princeton_aco001253:'mujallad 3'|princeton_aco001256:'mujallad 4'|princeton_aco001255:'mujallad 5'
2751051,princeton_aco001241
2841335,princeton_aco001182
498602,princeton_aco001019:'mujallad 30'|princeton_aco001146:'mujallad 1'|princeton_aco001020:'mujallad 31'|princeton_aco001021:'mujallad 32'|princeton_aco001022:'mujallad 41'|princeton_aco001023:'mujallad 42'|princeton_aco001024:'mujallad 43'|princeton_aco001025:'mujallad 44'|princeton_aco001026:'mujallad 45'|princeton_aco000846:'mujallad 46'|princeton_aco001027:'mujallad 47'|princeton_aco001028:'mujallad 48'|princeton_aco001029:'mujallad 49'|princeton_aco001030:'mujallad 50'|princeton_aco001031:'mujallad 51'|princeton_aco001032:'mujallad 52'|princeton_aco001033:'mujallad 53'|princeton_aco001034:'mujallad 54'|princeton_aco001035:'mujallad 55'|princeton_aco001036:'mujallad 56'|princeton_aco001037:'mujallad 57'|princeton_aco001038:'mujallad 58'
415878,princeton_aco001008|princeton_aco001009
1463439,princeton_aco001060
439048,princeton_aco001041
479235,princeton_aco001039:'juz 1'|princeton_aco001018:'vol.2'
1570047,princeton_aco001158
2786680,princeton_aco001040
614803,princeton_aco001136:'juz 5'
889700,princeton_aco001272
1283072,princeton_aco001369
300722,princeton_aco001087
441270,princeton_aco001373
465872,princeton_aco001251
2788248,princeton_aco001274:'vol.1'
479552,princeton_aco001235
692605,princeton_aco001162|princeton_aco001163
2835217,princeton_aco001322
1563448,princeton_aco001250
1113373,princeton_aco001152
1466269,princeton_aco001150
1595368,princeton_aco001132
774158,princeton_aco001102:'mujallad 1'|princeton_aco001175:'majmah 2'
1538766,princeton_aco001096
2773601,princeton_aco001270
2836850,princeton_aco001092
2786885,princeton_aco001094
480758,princeton_aco001277
4544187,princeton_aco001090
505634,princeton_aco001385
2751872,princeton_aco001364:'v.1'|princeton_aco001372:'v.2'
282552,princeton_aco001260
2749672,princeton_aco001063
2737825,princeton_aco001325:'vol.1'|princeton_aco001327:'vol.2'
782942,princeton_aco001054
2788284,princeton_aco001197
415830,princeton_aco001135:'juz 7'
467162,princeton_aco001074
479192,princeton_aco001071
782986,princeton_aco001382
1531140,princeton_aco001085
196425,princeton_aco001179
614793,princeton_aco001129:'juz 1-2'|princeton_aco001128:'juz 2'
2753521,princeton_aco001077:'v.1'|princeton_aco001072:'v.2'
813559,princeton_aco001127
400386,princeton_aco001232
1110484,princeton_aco001098
781344,princeton_aco001332
486660,princeton_aco001181
1088645,princeton_aco001084
613367,princeton_aco001355:'juz 1'|princeton_aco001356:'juz 2'|princeton_aco001389:'juz 9'
811077,princeton_aco001194:'juz 1'
614800,princeton_aco001167:'juz 3'
735619,princeton_aco001353|princeton_aco001354
1545514,princeton_aco001068
611839,princeton_aco000944:'v.1'|princeton_aco000945:'v.2'|princeton_aco000946:'v.3'|princeton_aco000947:'v.4'|princeton_aco000948:'v.5'|princeton_aco000949:'v.6'|princeton_aco000950:'v.7'|princeton_aco000951:'v.8'|princeton_aco000952:'v.9'|princeton_aco000953:'v.10'|princeton_aco000954:'v.11'|princeton_aco000955:'v.12'|princeton_aco000941:'v.13'|princeton_aco000995|princeton_aco000996|princeton_aco000997|princeton_aco000998|princeton_aco000999|princeton_aco001056:'v.19'|princeton_aco001055:'v.20'
1379615,princeton_aco001361
2834842,princeton_aco001148
2787385,princeton_aco001075:'vol.1'
657207,princeton_aco001066
5833014,princeton_aco001089
417753,princeton_aco001365
441291,princeton_aco001070
784685,princeton_aco001229
2754040,princeton_aco001395
776868,princeton_aco001258
2752497,princeton_aco001159:'v.1'|princeton_aco001160:'v.2'|princeton_aco001173:'v.4'
440823,princeton_aco001079
478810,princeton_aco001067
