003,001,handle
NjP,1325516,http://hdl.handle.net/2333.1/w0vt4nqg
NjP,2407729,http://hdl.handle.net/2333.1/r7sqvn66
NjP,463108,http://hdl.handle.net/2333.1/mgqnkmpv
NjP,435870,http://hdl.handle.net/2333.1/gqnk9m4g
NjP,3035493,http://hdl.handle.net/2333.1/bzkh1knc
NjP,2775591,http://hdl.handle.net/2333.1/79cnpgsh
NjP,2767294,http://hdl.handle.net/2333.1/3j9kdg9m
NjP,416805,http://hdl.handle.net/2333.1/zs7h4g0x
NjP,858977,http://hdl.handle.net/2333.1/v15dvfgg
NjP,1547905,http://hdl.handle.net/2333.1/q83bkdxw
NjP,1335673,http://hdl.handle.net/2333.1/kh189dch
NjP,3203009,http://hdl.handle.net/2333.1/fqz61cwb
NjP,2754859,http://hdl.handle.net/2333.1/b2rbp92x
NjP,6434062,http://hdl.handle.net/2333.1/69p8d8kt
NjP,6537786,http://hdl.handle.net/2333.1/2jm6482p
NjP,2787877,http://hdl.handle.net/2333.1/xsj3v7rn
NjP,452504,http://hdl.handle.net/2333.1/t1g1k769
NjP,615378,http://hdl.handle.net/2333.1/p8cz96nm
NjP,457155,http://hdl.handle.net/2333.1/jh9w165q
NjP,2841354,http://hdl.handle.net/2333.1/dv41p3cd
NjP,1388949,http://hdl.handle.net/2333.1/931zd2w7
NjP,4227402,http://hdl.handle.net/2333.1/59zw42d8
NjP,324014,http://hdl.handle.net/2333.1/1jwsv1ws
NjP,3872952,http://hdl.handle.net/2333.1/wstqk1gc
NjP,967263,http://hdl.handle.net/2333.1/s1rn90z2
NjP,2954142,http://hdl.handle.net/2333.1/n8pk10g5
NjP,124569,http://hdl.handle.net/2333.1/hmgqnwm3
NjP,438256,http://hdl.handle.net/2333.1/cvdncw46
NjP,787722,http://hdl.handle.net/2333.1/83bk3vn4
NjP,3195527,http://hdl.handle.net/2333.1/4b8gtv4v
NjP,7015095,http://hdl.handle.net/2333.1/0k6djtj1
NjP,2749612,http://hdl.handle.net/2333.1/vt4b8t7b
NjP,1466139,http://hdl.handle.net/2333.1/r2280sr8
NjP,417484,http://hdl.handle.net/2333.1/mcvdnpw9
NjP,1299487,http://hdl.handle.net/2333.1/gmsbcpdd
NjP,1245978,http://hdl.handle.net/2333.1/bvq83nx9
NjP,2788231,http://hdl.handle.net/2333.1/73n5tnd2
NjP,463420,http://hdl.handle.net/2333.1/3bk3jmt7
NjP,613954,http://hdl.handle.net/2333.1/zkh18mhj
NjP,4139682,http://hdl.handle.net/2333.1/tx95xhq4
NjP,1069347,http://hdl.handle.net/2333.1/q573nh61
NjP,416915,http://hdl.handle.net/2333.1/kd51cgqx
NjP,1604994,http://hdl.handle.net/2333.1/fn2z3g7x
NjP,676170,http://hdl.handle.net/2333.1/9w0vtfqf
NjP,1691385,http://hdl.handle.net/2333.1/63xsjf4s
NjP,621738,http://hdl.handle.net/2333.1/2bvq8dnp
NjP,2954834,http://hdl.handle.net/2333.1/xpnvx9z0
NjP,3000651,http://hdl.handle.net/2333.1/sxksn9g3
NjP,2759444,http://hdl.handle.net/2333.1/p5hqc907
NjP,265005,http://hdl.handle.net/2333.1/jdfn38gw
NjP,2788719,http://hdl.handle.net/2333.1/dncjt7x5
NjP,1472646,http://hdl.handle.net/2333.1/8w9gj7cs
NjP,2638741,http://hdl.handle.net/2333.1/547d86wq
NjP,1684915,http://hdl.handle.net/2333.1/1g1jx428
NjP,463407,http://hdl.handle.net/2333.1/wpzgn3r9
NjP,191725,http://hdl.handle.net/2333.1/rxwdc375
NjP,863675,http://hdl.handle.net/2333.1/n5tb32r3
NjP,5842327,http://hdl.handle.net/2333.1/hdr7t27t
NjP,2694624,http://hdl.handle.net/2333.1/cnp5j1n0
NjP,2351436,http://hdl.handle.net/2333.1/7wm38153
NjP,398984,http://hdl.handle.net/2333.1/47d7wxcj
NjP,769160,http://hdl.handle.net/2333.1/0gb5mwwf
NjP,2759235,http://hdl.handle.net/2333.1/vq83bwjh
NjP,2761787,http://hdl.handle.net/2333.1/qz612w1c
NjP,2486195,http://hdl.handle.net/2333.1/m63xsvht
NjP,1699640,http://hdl.handle.net/2333.1/gf1vhtz7
NjP,1665843,http://hdl.handle.net/2333.1/bnzs7tg8
NjP,261234,http://hdl.handle.net/2333.1/70rxwqmd
NjP,1429381,http://hdl.handle.net/2333.1/37pvmq4h
NjP,2794678,http://hdl.handle.net/2333.1/zgmsbpsc
NjP,2761851,http://hdl.handle.net/2333.1/tqjq2p9g
NjP,2787221,http://hdl.handle.net/2333.1/pzgmsnrr
NjP,4227328,http://hdl.handle.net/2333.1/k6djhn6d
NjP,3054347,http://hdl.handle.net/2333.1/ffbg7mq9
NjP,3000652,http://hdl.handle.net/2333.1/9s4mwhwn
NjP,2785819,http://hdl.handle.net/2333.1/612jmhds
NjP,857296,http://hdl.handle.net/2333.1/280gbgwf
NjP,2785809,http://hdl.handle.net/2333.1/xgxd2gjf
NjP,1445529,http://hdl.handle.net/2333.1/sqv9sg0x
NjP,1643867,http://hdl.handle.net/2333.1/nzs7hffb
NjP,2341594,http://hdl.handle.net/2333.1/j6q57dz8
NjP,1026912,http://hdl.handle.net/2333.1/djh9wb69
NjP,2834360,http://hdl.handle.net/2333.1/8sf7m9q6
NjP,2787862,http://hdl.handle.net/2333.1/51c5b97b
NjP,2956870,http://hdl.handle.net/2333.1/189328q0
NjP,2963526,http://hdl.handle.net/2333.1/wh70s89f
NjP,468077,http://hdl.handle.net/2333.1/rr4xh7rr
NjP,1280336,http://hdl.handle.net/2333.1/n02v778w
NjP,3204138,http://hdl.handle.net/2333.1/h9w0w4f8
NjP,450736,http://hdl.handle.net/2333.1/cjsxm3z2
NjP,464651,http://hdl.handle.net/2333.1/7sqvb3fx
NjP,2729989,http://hdl.handle.net/2333.1/41ns22xm
